,specobjid,objid8,ra,dec,Gtype
0,299490501608892416,1237650795146576030,146.8598,-0.8089166999999999,UN
1,299491051364706304,1237651800159027582,146.9639,-0.5450278000000001,UN
2,299492150876334080,1237651800158896649,146.72799999999998,-0.5568611,UN
3,299492425754241024,1237650795146510627,146.7441,-0.6522222,UN
4,299492700632147968,1237650795146444862,146.5927,-0.76025,UN
5,299492975510054912,1237650795146576091,146.9341,-0.6704167,UN
6,299493525265868800,1237651800159027384,146.95,-0.5922221999999999,S
7,299494075021682688,1237650795146445031,146.6286,-0.7651389000000001,S
8,299494624777496576,1237650795146575935,146.8577,-0.6628889,UN
9,299494899655403520,1237650795146641532,146.9635,-0.7593333000000001,UN
10,299495174533310464,1237650795683512690,147.0378,-0.2665833,UN
11,299495999167031296,1237648721216274697,147.0234,-0.1601111,UN
12,299496274044938240,1237648721216274666,146.9108,-0.07458334,UN
13,299496548922845184,1237650795683512507,146.9561,-0.34230559999999993,UN
14,299496823800752128,1237650795683446969,146.9201,-0.30647220000000003,UN
15,299498473068193792,1237650796220514489,147.3295,0.02888889,S
16,299499022824007680,1237648721216405657,147.248,-0.03572222,UN
17,299499297701914624,1237648720679469274,147.1868,-0.49380559999999996,UN
18,299499572579821568,1237648721216340148,147.1146,-0.1652222,UN
19,299502871114704896,1237648720142336237,146.5713,-0.9571944,S
20,299504245504239616,1237648720142336185,146.5128,-0.8457778,S
21,299504520382146560,1237650795146379400,146.3603,-0.8166944,UN
22,299504795260053504,1237650795146314028,146.3118,-0.8132222,UN
23,299505894771681280,1237650795146379447,146.4483,-0.7134444999999999,UN
24,299506169649588224,1237650795683447045,146.9023,-0.31366669999999996,UN
25,299506444527495168,1237648720679338241,146.8643,-0.46405559999999996,UN
26,299506719405402112,1237650795683381521,146.7885,-0.3107222,UN
27,299506994283309056,1237650795683381563,146.7771,-0.2420278,UN
28,299507818917029888,1237648720679338261,146.8916,-0.5126666,UN
29,299508368672843776,1237650795683446947,146.9012,-0.41316670000000005,UN
30,299508643550750720,1237648720679338252,146.8833,-0.49469440000000003,UN
31,299508918428657664,1237650795683446896,146.8576,-0.21880560000000002,S
32,299509193306564608,1237650795683446889,146.8568,-0.27408330000000003,UN
33,299509468184471552,1237648721216209055,146.812,-0.19005550000000002,E
34,299510017940285440,1237648721216209266,146.756,-0.16822220000000002,UN
35,299510567696099328,1237648720679338392,146.8681,-0.4867222,UN
36,299510842574006272,1237648721216209095,146.8597,-0.09894445,UN
37,299511117451913216,1237650796220252232,146.7608,0.01594444,S
38,299511392329820160,1237650796220317797,146.8091,0.02636111,UN
39,299514690864703488,1237650795146248321,146.0937,-0.7931111,S
40,299515240620517376,1237648720142139633,146.1183,-0.8681667,S
41,299515515498424320,1237650795146248304,146.0794,-0.6809722,UN
42,299516065254238208,1237650795146248369,146.1355,-0.6821944999999999,E
43,299516889887959040,1237650795146248378,146.1436,-0.7416389,UN
44,299517714521679872,1237648720679272605,146.7417,-0.5246666999999999,UN
45,299517989399586816,1237648721216143430,146.6036,-0.1914722,S
46,299518264277493760,1237650795683381502,146.7517,-0.4083889,UN
47,299518539155400704,1237648720679272634,146.6296,-0.46566670000000004,S
48,299518814033307648,1237650795683250403,146.4905,-0.36933330000000003,UN
49,299519363789121536,1237650795683381472,146.7371,-0.2521944,E
50,299519638667028480,1237650795683315926,146.5756,-0.2912778,UN
51,299519913544935424,1237648721216143450,146.6349,-0.19227779999999997,UN
52,299520188422842368,1237650796220252301,146.72899999999998,0.02694444,UN
53,299520463300749312,1237650795683381380,146.6436,-0.33136109999999996,E
54,299520738178656256,1237648721216143524,146.6613,-0.10336110000000001,S
55,299521013056563200,1237650795683381498,146.748,-0.2683056,S
56,299521287934470144,1237648721216078463,146.5945,-0.13313889999999998,S
57,299521562812377088,1237650795683381426,146.6957,-0.28694440000000004,E
58,299521837690284032,1237650796220186869,146.6307,0.07097222,UN
59,299522112568190976,1237650795683315881,146.6063,-0.21322220000000003,UN
60,299522387446097920,1237650796220186902,146.6081,0.04766667,UN
61,299522662324004864,1237648720142008580,145.8181,-0.8789722,E
62,299525685980981248,1237650795146182819,145.9379,-0.7339723000000001,UN
63,299526510614702080,1237648720142008515,145.8216,-0.8466111,UN
64,299526785492609024,1237648720678944894,145.8745,-0.60875,S
65,299528159882143744,1237648721215946942,146.2998,-0.12,S
66,299528434760050688,1237648721216012368,146.4337,-0.10566669999999999,S
67,299529259393771520,1237650796220121111,146.3699,0.08219445,UN
68,299529809149585408,1237650795683250311,146.3521,-0.3327222,UN
69,299530084027492352,1237650796220121207,146.3471,0.07541667,S
70,299530358905399296,1237650795683250349,146.3814,-0.3865,S
71,299530633783306240,1237650795683250326,146.3738,-0.36844440000000006,UN
72,299530908661213184,1237650796220055738,146.3009,0.03547222,UN
73,299531458417027072,1237648721216012470,146.3558,-0.14338889999999999,UN
74,299531733294934016,1237648721216078045,146.4689,-0.09283333,E
75,299532008172840960,1237650795683250319,146.3654,-0.34355559999999996,UN
76,299532283050747904,1237650795683184841,146.3297,-0.30625,UN
77,299533107684468736,1237650795683250364,146.399,-0.35041669999999997,S
78,299533382562375680,1237650796220121127,146.3997,0.03222222,S
79,299533657440282624,1237650796219924680,146.0234,0.022000000000000002,S
80,299533932318189568,1237650795683184774,146.2802,-0.40694450000000004,UN
81,299534207196096512,1237648721215946868,146.1656,-0.06416667,E
82,299534482074003456,1237648721215881355,146.0665,-0.0009166666,UN
83,299535031829817344,1237650796220055691,146.2318,0.06822222,UN
84,299535581585631232,1237648721215881342,146.0573,-0.09702778,E
85,299535856463538176,1237648721215815939,145.9939,-0.1358611,UN
86,299536131341445120,1237650795683053764,145.9876,-0.3425278,S
87,299536406219352064,1237650796220055688,146.2278,0.04355555,UN
88,299537230853072896,1237648721215946862,146.1623,-0.02241667,UN
89,299537505730979840,1237650795683119378,146.1055,-0.28541669999999997,UN
90,299537780608886784,1237648721215946884,146.1933,-0.03886111,UN
91,299538880120514560,1237650795683184714,146.2222,-0.3759167,UN
92,299539704754235392,1237650796219859174,145.8485,0.05133333,UN
93,299540529387956224,1237648721215815838,145.8774,-0.05019445,S
94,299541079143770112,1237650795683053709,145.9059,-0.3683611,UN
95,299541354021677056,1237648720678944999,145.8911,-0.46705559999999996,S
96,299541903777490944,1237648721215815722,145.8765,-0.011000000000000001,UN
97,299542178655397888,1237650796219859159,145.8369,0.002916667,UN
98,299542453533304832,1237650796219859039,145.8656,0.05619444,UN
99,299542728411211776,1237648721215750366,145.8227,-0.16027779999999997,UN
100,299543003289118720,1237650796219859138,145.8252,0.04316667,UN
101,299543278167025664,1237650796219859165,145.8442,0.03072222,UN
102,299543553044932608,1237650796219859194,145.8653,0.08963889,S
103,299543827922839552,1237650795682988326,145.8925,-0.33627779999999996,UN
104,299544377678653440,1237650796219924629,145.9502,0.07205556,UN
105,299544927434467328,1237648720141943100,145.6811,-0.8672221999999999,UN
106,299546576701908992,1237650795146051733,145.6479,-0.7717222,UN
107,299546851579815936,1237650795146051731,145.6452,-0.8155,UN
108,299547401335629824,1237650795146051757,145.6785,-0.7913611,UN
109,299547676213536768,1237650795146117231,145.7541,-0.7533889,S
110,299547951091443712,1237650795146117247,145.7597,-0.8138889,UN
111,299548225969350656,1237650795146051832,145.6434,-0.6847778,S
112,299548500847257600,1237650795146051795,145.7089,-0.7476666999999999,S
113,299549600358885376,1237648720678879482,145.7811,-0.6053611,UN
114,299550699870513152,1237648721215684759,145.5983,-0.2021944,UN
115,299550974748420096,1237648721215750275,145.7027,-0.04855556,UN
116,299551524504233984,1237648720678879348,145.722,-0.5271667,E
117,299551799382140928,1237648721215750297,145.7447,-0.07636111,S
118,299552624015861760,1237650795682922788,145.6691,-0.42100000000000004,UN
119,299552898893768704,1237648721215750163,145.7372,-0.06102778,UN
120,299553448649582592,1237648721215684828,145.6894,-0.01133333,S
121,299553723527489536,1237648721215750320,145.7784,-0.1345556,UN
122,299553998405396480,1237648721215684769,145.6012,-0.001388889,S
123,299554823039117312,1237650796219793563,145.6695,0.1116944,UN
124,299555097917024256,1237650796219793525,145.6223,0.03461111,S
125,299555372794931200,1237648704023757044,145.8012,-0.2111111,S
126,299556197428652032,1237650795145920732,145.3882,-0.69225,UN
127,299556472306558976,1237650795145986270,145.4963,-0.73675,UN
128,299556747184465920,1237650795145920799,145.4396,-0.6451945,UN
129,299558396451907584,1237648720141877432,145.4632,-0.8442221999999999,UN
130,299558671329814528,1237650795145986369,145.5575,-0.6931944,UN
131,299558946207721472,1237650795145986295,145.5262,-0.7474166999999999,E
132,299559495963535360,1237650795145920729,145.3782,-0.6742778,UN
133,299559770841442304,1237650795145920759,145.3984,-0.6708889,UN
134,299560045719349248,1237650795145986089,145.4873,-0.8069166999999999,S
135,299560870353070080,1237648720678682916,145.3943,-0.5576389,UN
136,299561145230977024,1237650795682791646,145.4068,-0.3143611,UN
137,299561420108883968,1237650795682791609,145.3647,-0.34275,UN
138,299562519620511744,1237648720678748371,145.5163,-0.5191666,UN
139,299563344254232576,1237648721215553783,145.3961,-0.09122222,S
140,299564443765860352,1237650796219662565,145.42700000000002,0.04958333,UN
141,299564718643767296,1237650796219662509,145.3475,0.05438889,UN
142,299564993521674240,1237650796219662548,145.4131,0.1064722,S
143,299565268399581184,1237648721215619221,145.4455,-0.12266669999999999,UN
144,299565543277488128,1237650796219728015,145.4467,0.07738889,S
145,299565818155395072,1237650796219728147,145.4542,0.03913889,UN
146,299567467422836736,1237648720141746455,145.2074,-0.8630834000000001,E
147,299568841812371456,1237648720141746448,145.1963,-0.88,UN
148,299569391568185344,1237650795145855144,145.1605,-0.6554722,S
149,299570216201906176,1237648720678682871,145.3416,-0.5772778000000001,UN
150,299570765957720064,1237648720678617276,145.2248,-0.5480278000000001,UN
151,299571040835627008,1237650795145855243,145.2779,-0.7331111,UN
152,299571590591440896,1237650795145920715,145.3622,-0.7140000000000001,UN
153,299572140347254784,1237648720678682858,145.3313,-0.5420555,UN
154,299572690103068672,1237650795682791578,145.3206,-0.2528611,UN
155,299573239858882560,1237650795682726146,145.2078,-0.3221111,UN
156,299573514736789504,1237648721215553691,145.2896,-0.14733329999999997,UN
157,299574064492603392,1237650795682791595,145.3442,-0.3685,UN
158,299574339370510336,1237648720678682671,145.2754,-0.47347219999999995,UN
159,299574614248417280,1237648720678617377,145.2333,-0.4356667,UN
160,299574889126324224,1237650796219662494,145.3406,0.01916667,UN
161,299575164004231168,1237648720678617240,145.1674,-0.48233329999999996,UN
162,299575438882138112,1237648721215488183,145.219,-0.18616670000000002,UN
163,299576263515858944,1237648721215553734,145.3443,-0.01694444,UN
164,299577363027486720,1237650796219662479,145.33,0.04311111,S
165,299578187661207552,1237648722826166434,145.3477,1.077472,UN
166,299579836928649216,1237648722289361169,145.5412,0.7954444,UN
167,299580386684463104,1237650797293404284,145.3905,0.9578056,UN
168,299580661562370048,1237648722289230091,145.2299,0.7625555,UN
169,299582585707718656,1237650797293338816,145.1987,0.9326667,UN
170,299582860585625600,1237648722289361065,145.4431,0.8266110999999999,S
171,299583135463532544,1237650796756533434,145.3412,0.5473056,S
172,299583410341439488,1237648721752359060,145.2204,0.41083329999999996,UN
173,299583960097253376,1237648721752424676,145.3941,0.35572220000000004,UN
174,299585059608881152,1237648721752424631,145.2886,0.3465,UN
175,299585334486788096,1237650796756533504,145.3047,0.5623889,S
176,299585609364695040,1237650796756533425,145.3118,0.5033055999999999,UN
177,299585884242601984,1237650796219596962,145.2188,0.1470278,S
178,299586983754229760,1237650796219596986,145.252,0.1264722,UN
179,299587258632136704,1237648721752359194,145.2499,0.2618056,UN
180,299587808387950592,1237650796219596957,145.1939,0.1689167,E
181,299590832044926976,1237650797293600892,145.8075,0.9499443999999999,UN
182,299591106922833920,1237651752384659678,145.5989,0.8438333,E
183,299591381800740864,1237648722289492252,145.8429,0.7478611,S
184,299592206434461696,1237648722289557611,145.8681,0.8293889000000001,S
185,299593580823996416,1237650797293469823,145.5446,0.9393611,S
186,299594130579810304,1237648721752555640,145.594,0.3094167,UN
187,299594405457717248,1237650796756533465,145.4214,0.5336944,UN
188,299594955213531136,1237650796756533529,145.4339,0.5641666999999999,UN
189,299596329603065856,1237650796756664452,145.6337,0.6208056,UN
190,299596879358879744,1237650796219728076,145.4993,0.1215,UN
191,299597154236786688,1237650796219728046,145.4713,0.15519439999999998,S
192,299597429114693632,1237650796219662588,145.4389,0.147,UN
193,299599078382135296,1237648721752555616,145.5563,0.23852779999999998,S
194,299599903015856128,1237648722289623245,146.0151,0.8235,UN
195,299600177893763072,1237650797293600959,145.8752,0.9125,S
196,299601827161204736,1237648722289557692,145.9697,0.8309165999999999,E
197,299602376917018624,1237651752384790621,145.8719,0.8737778,UN
198,299602651794925568,1237648722289623239,146.0123,0.7656389,UN
199,299603201550739456,1237650797293731872,146.0822,1.034778,UN
200,299603751306553344,1237648722289557713,145.9926,0.7880555,E
201,299604301062367232,1237650797293600970,145.8935,1.0284440000000001,S
202,299604575940274176,1237648722826428568,145.9506,1.0651110000000001,UN
203,299605125696088064,1237650796756664534,145.7433,0.4634722,UN
204,299605400573995008,1237648722289492179,145.8475,0.6757221999999999,UN
205,299605675451901952,1237650796756664712,145.6457,0.5096111,UN
206,299606500085622784,1237650796756729879,145.7964,0.5615,UN
207,299606774963529728,1237648722289492081,145.7255,0.7306666,UN
208,299607049841436672,1237650796756664521,145.7327,0.5340555,UN
209,299607324719343616,1237650796756664459,145.6519,0.4691389,E
210,299607599597250560,1237648722289492224,145.7988,0.6505,UN
211,299608424230971392,1237650796219793636,145.7294,0.1269167,S
212,299608699108878336,1237650796756664572,145.7065,0.4594167,UN
213,299609248864692224,1237650796756730101,145.8139,0.4885,UN
214,299609523742599168,1237650796756730081,145.7926,0.52475,UN
215,299609798620506112,1237648721752621240,145.7751,0.3202222,UN
216,299610073498413056,1237648721752621257,145.8002,0.41416670000000005,S
217,299610348376320000,1237650796219859103,145.7658,0.1353611,UN
218,299611447887947776,1237650797293731984,146.0874,0.998,UN
219,299612272521668608,1237651752921792753,146.2269,1.24525,E
220,299612547399575552,1237651752921792685,146.2063,1.1482780000000001,E
221,299612822277482496,1237650797293797524,146.247,0.9249166999999999,S
222,299613646911203328,1237651752384921745,146.1597,0.8407222,UN
223,299614196667017216,1237648722289623338,146.1474,0.8173611,UN
224,299615021300738048,1237648722289623325,146.1263,0.7578889,S
225,299615845934458880,1237651752384856377,146.1315,0.8411666999999999,S
226,299616120812365824,1237650796756795423,145.9367,0.4988889,UN
227,299616395690272768,1237648722289623054,146.0209,0.7335556,E
228,299616670568179712,1237650796756795418,145.9478,0.4653056,E
229,299617220323993600,1237648722289623248,146.0169,0.7167778,UN
230,299617770079807488,1237648721752686780,145.9992,0.35244440000000005,UN
231,299618594713528320,1237648722289557665,145.9377,0.6720555,UN
232,299618869591435264,1237648721752686598,145.9072,0.4008889,UN
233,299619419347249152,1237650796219924631,145.9563,0.19938889999999998,UN
234,299619694225156096,1237650796219924614,145.9386,0.1510278,UN
235,299619969103063040,1237650796219924667,146.006,0.14547220000000002,UN
236,299620243980969984,1237650796219924616,145.9397,0.1169167,S
237,299620518858876928,1237650796219924757,146.0041,0.20363889999999998,E
238,299620793736783872,1237648721752752242,146.062,0.3023333,UN
239,299621343492597760,1237648721752686769,145.9785,0.2949722,S
240,299622168126318592,1237648722289623275,146.0694,0.6981944,UN
241,299622443004225536,1237650796756926591,146.275,0.581,UN
242,299623267637946368,1237648721752752343,146.1444,0.2431111,E
243,299623542515853312,1237648722289623371,146.0898,0.6598055,UN
244,299623817393760256,1237650796756861140,146.1566,0.5695834,UN
245,299624092271667200,1237650796756861201,146.1722,0.5706389000000001,UN
246,299624367149574144,1237648721752752292,146.1424,0.3090556,UN
247,299624642027481088,1237648722289688840,146.2164,0.6594445,UN
248,299624916905388032,1237648721752752319,146.0787,0.2127778,E
249,299625466661201920,1237650796219990144,146.0658,0.18366670000000002,UN
250,299625741539108864,1237650796219990080,146.1853,0.1193056,UN
251,299626016417015808,1237650796756926585,146.2518,0.5061389000000001,UN
252,299626566172829696,1237650796219990244,146.1445,0.1269722,UN
253,299627115928643584,1237650796220186819,146.5888,0.17261110000000002,E
254,299627665684457472,1237648721752883377,146.3958,0.24013890000000002,UN
255,299627940562364416,1237648722289819672,146.463,0.6386944999999999,UN
256,299628215440271360,1237648721752883455,146.4294,0.24002779999999999,UN
257,299628490318178304,1237650796220186782,146.5153,0.16677779999999998,UN
258,299629314951899136,1237648721752883489,146.4118,0.2153611,S
259,299629589829806080,1237648722289688871,146.2988,0.6561111,UN
260,299629864707713024,1237648721752883442,146.4187,0.39886109999999997,UN
261,299630139585619968,1237650796756992213,146.4063,0.6041111,UN
262,299630689341433856,1237650796756926716,146.3203,0.5733889,UN
263,299630964219340800,1237648722289754220,146.338,0.7221666999999999,UN
264,299631513975154688,1237650796756926626,146.3168,0.5891666,UN
265,299632338608875520,1237648721752948910,146.5688,0.2661389,UN
266,299633438120503296,1237651752385052844,146.5912,0.8966944,UN
267,299633712998410240,1237651752385052856,146.4747,0.9056943999999999,UN
268,299633987876317184,1237651752385052808,146.5203,0.8718610999999999,UN
269,299635637143758848,1237648722289819869,146.5309,0.7819444999999999,UN
270,299635912021665792,1237650797293862996,146.3798,0.9266389000000002,UN
271,299637286411200512,1237648722289819865,146.5112,0.8132778,UN
272,299637561289107456,1237651752384987299,146.3665,0.8511389000000001,UN
273,299637836167014400,1237648722289885345,146.6087,0.8046945,S
274,299638385922828288,1237648721753014501,146.6752,0.278,UN
275,299638660800735232,1237650796220186852,146.6167,0.13788889999999998,UN
276,299638935678642176,1237650796220186910,146.6387,0.1962222,UN
277,299639485434456064,1237650796220252345,146.6945,0.17236110000000002,E
278,299639760312363008,1237648722289885254,146.6113,0.6930278,S
279,299640310068176896,1237651801769574400,146.8363,0.5118055,UN
280,299641134701897728,1237648722289951035,146.7819,0.7043889,UN
281,299641684457711616,1237648722289950774,146.8068,0.6655555000000001,UN
282,299642509091432448,1237648722289950980,146.8525,0.6870278000000001,UN
283,299643058847246336,1237648722289950745,146.7991,0.7026944,UN
284,299643333725153280,1237648721753014482,146.7478,0.2658055,UN
285,299643883480967168,1237651752921989320,146.6772,1.129556,S
286,299644433236781056,1237651752385183960,146.7989,0.8505278000000001,S
287,299645532748408832,1237648722826756273,146.6677,1.102083,UN
288,299645807626315776,1237650797294059653,146.8163,0.9440833000000001,E
289,299646632260036608,1237648722289950942,146.7823,0.7943889000000001,UN
290,299647182015850496,1237648722826756162,146.6921,1.0665280000000001,UN
291,299648006649571328,1237648722289951028,146.7815,0.7379444000000001,UN
292,299648831283292160,1237650797293994219,146.7133,1.009306,UN
293,299649106161199104,1237650796757319821,147.1131,0.4401111,UN
294,299650755428640768,1237648722290016409,146.9038,0.6321667,UN
295,299651030306547712,1237650796757188777,146.871,0.4225,UN
296,299651305184454656,1237651801769640397,147.0039,0.5949444,UN
297,299651580062361600,1237648721753145550,146.9577,0.39336109999999996,S
298,299651854940268544,1237648721753145376,146.9029,0.20891669999999998,S
299,299652129818175488,1237651801769640183,146.8965,0.5474167,UN
300,299652679573989376,1237648721753080080,146.8769,0.3615833,UN
301,299652954451896320,1237648721753080096,146.8878,0.21744439999999998,S
302,299653229329803264,1237648722290016415,146.9173,0.6948333000000001,S
303,299653504207710208,1237648721753080143,146.8953,0.3589722,UN
304,299656252986779648,1237651752385249517,146.9021,0.89975,E
305,299656802742593536,1237651752385315031,147.0744,0.8852222,S
306,299657352498407424,1237648722290016542,147.032,0.7753333,E
307,299658177132128256,1237648722290016499,147.0217,0.7544444,E
308,299658452010035200,1237648722290016425,146.934,0.8188611,UN
309,299658726887942144,1237651752385183972,146.8408,0.88625,S
310,299659001765849088,1237648722290081911,147.0805,0.7880278000000001,UN
311,299659276643756032,1237648722289950973,146.8422,0.7408056,UN
312,299660101277476864,1237650796757319865,147.1801,0.4296389,E
313,299660376155383808,1237648721753276576,147.3268,0.2455278,UN
314,299660651033290752,1237650796220514483,147.3145,0.1748333,UN
315,299660925911197696,1237648721753276514,147.2483,0.31144440000000007,UN
316,299661750544918528,1237648721753276559,147.3055,0.2176667,UN
317,299662025422825472,1237648721753210967,147.1929,0.2719167,UN
318,299662575178639360,1237650796220514478,147.3083,0.15116670000000001,UN
319,299663124934453248,1237650796757320031,147.1799,0.4930278,UN
320,299663399812360192,1237648721753211085,147.1506,0.41655559999999997,S
321,299664224446081024,1237648721753211064,147.1283,0.3692222,S
322,299664499323987968,1237651801769705928,147.1706,0.53125,UN
323,299664774201894912,1237648721753276550,147.29399999999998,0.3813333,UN
324,299665049079801856,1237650796757319831,147.1274,0.5045,UN
325,299665323957708800,1237650796757385500,147.2655,0.46566670000000004,S
326,300615576982677504,1237651800159748237,148.5986,-0.73225,S
327,300616126738491392,1237648720143253733,148.6669,-0.8991110999999999,S
328,300616401616398336,1237648720143253649,148.5736,-0.899,UN
329,300617501128026112,1237654669198164194,148.7329,-0.7611389000000001,UN
330,300619150395467776,1237648720143253644,148.565,-0.9546110999999999,UN
331,300619425273374720,1237648720143253667,148.585,-0.9420834000000001,UN
332,300619975029188608,1237648720143253641,148.5656,-0.9360833000000001,S
333,300621074540816384,1237654669735231788,149.1686,-0.3805,S
334,300621349418723328,1237654669735231622,149.1609,-0.35802779999999995,E
335,300621899174537216,1237654669735231507,149.1238,-0.39827779999999996,UN
336,300622174052444160,1237654669735231493,149.113,-0.3488333,UN
337,300622448930351104,1237651800696881250,149.1863,-0.31180549999999996,UN
338,300622723808258048,1237648720680321130,149.1127,-0.47563890000000003,UN
339,300622998686164992,1237651800696881166,149.1913,-0.2595278,UN
340,300623273564071936,1237648720680386797,149.1499,-0.4900278,UN
341,300623548441978880,1237654669735231661,149.1715,-0.41297219999999996,UN
342,300623823319885824,1237648721217257601,149.1546,-0.1157222,S
343,300624098197792768,1237654669735231591,149.1355,-0.34627779999999997,UN
344,300624373075699712,1237651801233752162,149.1753,0.1921111,UN
345,300624647953606656,1237648721217257621,149.1699,-0.02333333,E
346,300624922831513600,1237654669735231608,149.1424,-0.3724167,S
347,300625472587327488,1237651801233686770,149.1179,0.18397220000000003,S
348,300625747465234432,1237651800696881217,149.1562,-0.3152222,UN
349,300626022343141376,1237654670272102476,149.1281,0.08361111,UN
350,300626297221048320,1237651801233752148,149.154,0.17247220000000002,UN
351,300629046000117760,1237648720143188224,148.5091,-1.003528,S
352,300629595755931648,1237650795147296996,148.5592,-0.7601944,UN
353,300630420389652480,1237650795147296771,148.4406,-0.8035278,UN
354,300630695267559424,1237648720143188148,148.5087,-0.8922222,UN
355,300631245023373312,1237650795147296897,148.5044,-0.7917778,S
356,300631519901280256,1237650795147296891,148.5,-0.7454444,UN
357,300631794779187200,1237650795147296855,148.454,-0.7959444999999999,UN
358,300632069657094144,1237648720680321254,149.0695,-0.555,S
359,300632344535001088,1237651800696815824,149.0694,-0.23399999999999999,S
360,300632619412908032,1237651800696815831,149.0902,-0.2514167,UN
361,300632894290814976,1237654669735166231,149.1053,-0.3674167,S
362,300633444046628864,1237648721217192199,149.0627,-0.02919444,UN
363,300633718924535808,1237651801233686759,149.1125,0.1296944,S
364,300633993802442752,1237648720680321224,149.0197,-0.5964444000000001,UN
365,300634268680349696,1237648720680321231,149.0438,-0.6228055,UN
366,300634818436163584,1237648721217192161,149.0255,-0.1205833,UN
367,300635093314070528,1237651800696815647,149.0197,-0.2398611,UN
368,300635368191977472,1237648721217192209,149.0712,-0.10311110000000001,UN
369,300635643069884416,1237651800696815739,148.997,-0.24463890000000002,UN
370,300636192825698304,1237651800696816290,149.0849,-0.3001667,UN
371,300636467703605248,1237651801233686692,149.0273,0.14325,S
372,300637017459419136,1237651801233686675,149.0106,0.13972220000000002,S
373,300637842093139968,1237648720143057157,148.2156,-0.8747778,S
374,300638941604767744,1237648720143122623,148.3945,-0.88775,S
375,300639216482674688,1237648720143122523,148.2695,-0.8566945,S
376,300639491360581632,1237648720143057124,148.2455,-0.9731943999999999,UN
377,300639766238488576,1237648720143122589,148.3535,-0.9050556000000001,S
378,300640041116395520,1237648720143122615,148.385,-0.9414722,E
379,300640315994302464,1237650795147165879,148.22299999999998,-0.7385556,UN
380,300641140628023296,1237650795147165934,148.2488,-0.8077778,UN
381,300641415505930240,1237650795147165945,148.2669,-0.7833334,S
382,300641690383837184,1237650795147165941,148.2522,-0.7741944000000001,UN
383,300641965261744128,1237650795147165899,148.2377,-0.7919722,E
384,300642789895464960,1237648720143057118,148.2321,-0.8636389000000001,UN
385,300643339651278848,1237654670271971603,148.9084,0.008722222,S
386,300643614529185792,1237648721217126584,148.8566,-0.05916667,UN
387,300644164284999680,1237651800696750245,148.8736,-0.2905833,S
388,300644714040813568,1237648721217126725,148.9795,-0.1903056,S
389,300644988918720512,1237648721217061098,148.8425,-0.04411111,S
390,300645538674534400,1237648720680255563,148.88,-0.46725,UN
391,300645813552441344,1237648721217061052,148.7917,-0.02102778,S
392,300646088430348288,1237648721217126671,148.9536,-0.09713889,E
393,300646363308255232,1237651801233620992,148.9723,0.09477778,S
394,300646638186162176,1237648720680255541,148.8482,-0.5873055,UN
395,300646913064069120,1237648721217061100,148.8427,-0.07872222,UN
396,300647462819883008,1237648721217061050,148.7756,-0.1411944,UN
397,300647737697789952,1237651801233555754,148.8106,0.1648611,UN
398,300648012575696896,1237648721217126706,148.9548,-0.0020833329999999997,UN
399,300649661843138560,1237648720142925900,147.9279,-0.9569721999999999,UN
400,300651311110580224,1237650795147100365,148.0622,-0.6608056,UN
401,300651860866394112,1237650795147100370,148.0682,-0.7047778,UN
402,300652410622208000,1237650795147100328,148.0022,-0.7840555,S
403,300652685500114944,1237648720142991613,147.9652,-0.9493610999999998,S
404,300652960378021888,1237650795147100331,148.0055,-0.7680556,UN
405,300653235255928832,1237648720142991573,148.049,-0.8521389000000001,UN
406,300654334767556608,1237648721216995401,148.5495,-0.06616667,S
407,300654609645463552,1237648720680059016,148.4783,-0.54425,UN
408,300655159401277440,1237651800696553620,148.4204,-0.23197220000000002,UN
409,300655709157091328,1237648721216930023,148.5058,-0.11388889999999999,S
410,300655984034998272,1237648720680124693,148.6577,-0.5998333,UN
411,300657083546626048,1237651801233555601,148.7289,0.1888611,S
412,300657358424532992,1237648721216929817,148.4348,-0.0905,UN
413,300657633302439936,1237648721216995421,148.593,-0.196,E
414,300657908180346880,1237648721216995497,148.6797,-0.02511111,S
415,300658183058253824,1237651801233490073,148.6001,0.1291667,S
416,300658457936160768,1237651801233490056,148.59,0.15325,UN
417,300659007691974656,1237654669735035129,148.7279,-0.3707222,E
418,300659282569881600,1237654669735035263,148.6838,-0.3438333,UN
419,300659832325695488,1237651800696422621,148.2183,-0.2766111,UN
420,300660382081509376,1237648721216798768,148.183,-0.05830555,S
421,300661206715230208,1237650795683971362,148.1356,-0.3423333,S
422,300662306226857984,1237651801233359018,148.3249,0.11505560000000001,UN
423,300662581104764928,1237648721216929936,148.4057,-0.04105556,UN
424,300662855982671872,1237651801233358961,148.2405,0.11791669999999999,S
425,300663130860578816,1237648721216864397,148.346,-0.166,E
426,300663405738485760,1237650796220907786,148.2826,0.04855556,UN
427,300664230372206592,1237650795683971340,148.1252,-0.4178611,UN
428,300664505250113536,1237648721216798935,148.2361,-0.17447220000000002,UN
429,300664780128020480,1237648721216733511,148.0848,-0.1466667,S
430,300665055005927424,1237648721216667792,147.8309,-0.1759444,UN
431,300665329883834368,1237650796220711070,147.7283,0.1358611,UN
432,300665604761741312,1237651800696291634,147.9247,-0.2389444,UN
433,300666429395462144,1237648721216667824,147.863,-0.1684167,S
434,300666979151276032,1237650796220711125,147.7878,0.009861111,S
435,300667254029182976,1237651800696291624,147.9035,-0.3177778,UN
436,300667528907089920,1237650796220711045,147.6933,0.1305,S
437,300668353540810752,1237648721216667817,147.8578,-0.04391667,UN
438,300668628418717696,1237651800696291621,147.8996,-0.21525,S
439,300668903296624640,1237650796220711128,147.7935,0.12325,UN
440,300669178174531584,1237650796220711085,147.7399,0.1597222,UN
441,300669453052438528,1237648721216733449,148.0776,-0.12744439999999999,UN
442,300669727930345472,1237650796220711149,147.8105,0.0465,UN
443,300670002808252416,1237650796220711092,147.7487,0.11583330000000001,UN
444,300670277686159360,1237650796220711116,147.7758,0.05413889,UN
445,300671102319880192,1237648720142860497,147.7552,-0.8680556,UN
446,300671377197787136,1237648720142926003,147.8705,-0.9582222,UN
447,300671652075694080,1237648720142860587,147.7086,-0.8877222,E
448,300672476709414912,1237650795146969334,147.7972,-0.7793611,UN
449,300673576221042688,1237648720142925946,147.8075,-0.8846110999999999,S
450,300673851098949632,1237650795146969395,147.7221,-0.691,S
451,300674125976856576,1237650795146969196,147.8092,-0.7284722,S
452,300674400854763520,1237650795146969287,147.7401,-0.7433889,UN
453,300675225488484352,1237650795146969277,147.733,-0.7203056,UN
454,300676325000112128,1237651800696225921,147.6457,-0.2766667,UN
455,300676599878019072,1237648720679796935,147.83,-0.4415,S
456,300677149633832960,1237648720679862442,147.9663,-0.5001389,UN
457,300677424511739904,1237648720679796926,147.8063,-0.4812222,UN
458,300677699389646848,1237648720679796790,147.8793,-0.5088332999999999,UN
459,300678249145460736,1237648720679796961,147.8693,-0.5626944,S
460,300678798901274624,1237650795683905713,147.8548,-0.36902779999999996,S
461,300679073779181568,1237651800696225983,147.7359,-0.31802779999999997,UN
462,300679623534995456,1237648721216536862,147.6344,-0.09822223,UN
463,300679898412902400,1237648720679796988,147.9104,-0.5761389,UN
464,300680173290809344,1237648720679862653,148.0332,-0.5622778,UN
465,300680723046623232,1237650795683774652,147.6297,-0.28925,UN
466,300682372314064896,1237650795146838164,147.4015,-0.8331110999999999,UN
467,300682922069878784,1237648720142729338,147.4311,-0.8672778,S
468,300683196947785728,1237648720142729437,147.4864,-0.9751666999999999,S
469,300683471825692672,1237648720142729396,147.4081,-0.8870278,E
470,300684571337320448,1237648720142729442,147.4937,-0.8831389000000001,UN
471,300685395971041280,1237648720142794821,147.6205,-0.9148610999999999,UN
472,300685670848948224,1237650795146903596,147.6071,-0.7542778,UN
473,300685945726855168,1237648720142794854,147.5233,-0.8495278,UN
474,300686495482669056,1237650795146838212,147.4744,-0.8083056,UN
475,300686770360576000,1237648720142729411,147.4283,-0.8400556,UN
476,300687594994296832,1237650795683709140,147.4372,-0.34208330000000003,S
477,300688144750110720,1237650796220579965,147.4391,0.04683333,UN
478,300688694505924608,1237650795683709176,147.4701,-0.3513333,E
479,300688969383831552,1237650795683774621,147.5678,-0.2813889,UN
480,300690068895459328,1237650795683709164,147.4603,-0.30102779999999996,UN
481,300691718162900992,1237648721216471235,147.4777,-0.1652222,S
482,300691993040807936,1237650795683709186,147.4905,-0.3163333,UN
483,300692817674528768,1237648720142598466,147.1767,-0.9528334,UN
484,300693642308249600,1237648720142663798,147.2049,-0.8874443999999999,E
485,300693917186156544,1237648720142598523,147.1655,-0.8913056,UN
486,300695566453598208,1237648720142663815,147.2299,-0.8983333,S
487,300696391087319040,1237648720142598416,147.0778,-0.8730278,S
488,300696665965225984,1237650795146772593,147.2722,-0.6756945,UN
489,300697215721039872,1237648720679338141,146.8813,-0.5141667000000001,UN
490,300697765476853760,1237648720142663801,147.222,-0.8654444,UN
491,300698315232667648,1237648720679600281,147.3999,-0.5569444,UN
492,300698864988481536,1237648720679534863,147.3419,-0.5402778,UN
493,300699139866388480,1237650795683643629,147.3629,-0.32788890000000004,S
494,300699414744295424,1237650795683578072,147.2207,-0.29313890000000004,E
495,300700239378016256,1237650795683709119,147.3915,-0.24980560000000002,UN
496,300700514255923200,1237650795683447062,146.8261,-0.3375278,S
497,300701613767550976,1237650796220579942,147.4054,0.11133330000000001,UN
498,300701888645457920,1237650796220514453,147.2941,0.1465,UN
499,300702163523364864,1237650795683381471,146.7297,-0.2596667,E
500,300702713279178752,1237650796220580024,147.4977,0.1042222,UN
501,300702988157085696,1237650796220514540,147.389,0.09016667,UN
502,300703263034992640,1237650795683643639,147.3789,-0.3850555,UN
503,300706561569875968,1237650797294190819,147.1674,0.9439445,UN
504,300706836447782912,1237651752385380607,147.3135,0.8971667,E
505,300707386203596800,1237648722290147714,147.3184,0.8216389000000001,E
506,300707935959410688,1237651752385380650,147.2018,0.9204443999999999,UN
507,300708760593131520,1237650797294125131,147.0495,1.005,UN
508,300709035471038464,1237650796757451115,147.4317,0.4563056,S
509,300710134982666240,1237650796757319855,147.1655,0.43380559999999996,UN
510,300710959616387072,1237648722289951090,146.7729,0.7011389,UN
511,300712883761735680,1237648721753342110,147.3727,0.2425833,S
512,300713708395456512,1237648721753276568,147.3093,0.34427779999999997,UN
513,300714533029177344,1237650797294256244,147.3668,0.9683610999999999,UN
514,300715907418712064,1237651752922317033,147.4832,1.185,UN
515,300716182296619008,1237648722290278708,147.5148,0.8343334000000001,UN
516,300716732052432896,1237648722827149457,147.5114,1.100611,S
517,300717281808246784,1237651752385446012,147.4224,0.8555833,UN
518,300718106441967616,1237648722290278687,147.6426,0.7801111,S
519,300719755709409280,1237648722290213005,147.4501,0.7580833,S
520,300720030587316224,1237651801769902317,147.539,0.5975834,S
521,300720305465223168,1237648722290278413,147.5131,0.7190000000000001,UN
522,300720580343130112,1237651801769902108,147.5522,0.5396389,UN
523,300721404976850944,1237651801769902080,147.5258,0.51225,UN
524,300721954732664832,1237648722290278713,147.5477,0.6676667,UN
525,300722779366385664,1237651801769902301,147.525,0.5388055,UN
526,300723054244292608,1237648721753342172,147.471,0.31502779999999997,S
527,300723329122199552,1237651801769902259,147.5022,0.5413889000000001,UN
528,300724428633827328,1237651801769902260,147.4909,0.531,UN
529,300724703511734272,1237648722290278627,147.5686,0.7060834,E
530,300725253267548160,1237651801769836544,147.4562,0.5126666,UN
531,300725528145455104,1237651752922448014,147.692,1.1795,UN
532,300726077901268992,1237651752385642628,147.8556,0.9321110999999999,UN
533,300726627657082880,1237651752922382529,147.6272,1.2205,UN
534,300728551802431488,1237651752385642693,147.8159,0.846,UN
535,300728826680338432,1237651752385577215,147.7899,0.9161667,UN
536,300730201069873152,1237651752385642761,147.8355,0.8996944,UN
537,300730750825687040,1237648722290344109,147.7005,0.8295556000000001,UN
538,300732125215221760,1237648722290278662,147.6192,0.7470555,S
539,300732949848942592,1237651801769967819,147.74,0.6156666999999999,E
540,300733224726849536,1237648722290344082,147.671,0.6672778,UN
541,300733499604756480,1237648722290278439,147.591,0.7364166,S
542,300734049360570368,1237651801769967807,147.7224,0.6022778,UN
543,300734324238477312,1237650796757516592,147.6578,0.42544449999999995,UN
544,300734599116384256,1237648721753538850,147.8952,0.2556389,E
545,300734873994291200,1237650796757647516,147.8656,0.5020278,S
546,300735148872198144,1237648722290344133,147.72899999999998,0.7696944,UN
547,300735698628012032,1237648721753473275,147.7793,0.2263056,UN
548,300736248383825920,1237648721753538824,147.8646,0.25588890000000003,S
549,300736523261732864,1237650797294518398,147.9108,1.031972,UN
550,300738172529174528,1237648722827280613,147.8275,1.132306,S
551,300738447407081472,1237648722827280442,147.8959,1.112056,E
552,300738722284988416,1237651752922579217,147.9374,1.21,UN
553,300739272040802304,1237650797294583854,147.9945,0.9846944,UN
554,300739821796616192,1237648722290475146,147.9684,0.7644445,S
555,300740646430337024,1237651752385708149,147.9933,0.9363889000000001,UN
556,300740921308243968,1237648722827280657,147.8926,1.138833,UN
557,300741471064057856,1237651752385708153,148.0144,0.8711943999999999,E
558,300741745941964800,1237650797294518543,147.9312,0.9521110999999999,UN
559,300742020819871744,1237648722290475152,147.9753,0.7140000000000001,UN
560,300742295697778688,1237648721753604290,148.0063,0.3488611,UN
561,300742570575685632,1237650796757647663,147.928,0.49425,UN
562,300742845453592576,1237651801770098844,147.9513,0.6052221999999999,S
563,300743120331499520,1237648721753669653,148.1345,0.2358056,UN
564,300743395209406464,1237651801233293573,148.131,0.2018333,UN
565,300743670087313408,1237648721753538898,147.9453,0.3304722,S
566,300743944965220352,1237650796757713015,147.9977,0.4543056,UN
567,300744494721034240,1237648722290409664,147.8974,0.6758889,UN
568,300744769598941184,1237651801770098911,148.0688,0.5476111,UN
569,300745044476848128,1237648721753604388,147.9492,0.29022220000000004,S
570,300745594232662016,1237650796757647434,147.8972,0.43475,UN
571,300745869110568960,1237650796220842186,148.0828,0.2036667,S
572,300746143988475904,1237648721753538870,147.9054,0.4121111,UN
573,300746693744289792,1237648722290475142,147.9647,0.6583334,UN
574,300747243500103680,1237648721753538747,147.9348,0.2684167,S
575,300747793255917568,1237651801770164478,148.2368,0.6110555999999999,S
576,300748068133824512,1237650796757778527,148.2473,0.5028889,UN
577,300748343011731456,1237648722290606343,148.3178,0.6666945,UN
578,300748617889638400,1237648722290540656,148.1881,0.7516111,UN
579,300748892767545344,1237651801770229959,148.2903,0.5834722,S
580,300749717401266176,1237648721753669817,148.1568,0.30883330000000003,UN
581,300749992279173120,1237651801770229917,148.2385,0.5495555,UN
582,300750267157080064,1237651801770164434,148.18200000000002,0.53725,S
583,300750542034987008,1237651801770164404,148.1675,0.5304167,E
584,300751091790800896,1237651801233359003,148.2932,0.20397220000000002,UN
585,300751366668707840,1237648721753735313,148.2522,0.2408611,UN
586,300751641546614784,1237648721753735354,148.3069,0.3899444,UN
587,300751916424521728,1237648721753669945,148.2334,0.35772220000000005,E
588,300752191302428672,1237648721753735318,148.2558,0.2963889,UN
589,300752466180335616,1237648722290606332,148.3119,0.6499444000000001,S
590,300752741058242560,1237648722290606324,148.308,0.6285278,S
591,300753290814056448,1237648722290671769,148.4356,0.7541944,UN
592,300753565691963392,1237651801770295447,148.4138,0.5953056,UN
593,300754665203591168,1237648722290671761,148.4297,0.6665,UN
594,300754940081498112,1237648722290606136,148.3342,0.6976944,S
595,300755214959405056,1237651801770295462,148.4294,0.5713611,UN
596,300755489837312000,1237651801770295403,148.3952,0.5962778000000001,S
597,300755764715218944,1237648722290671732,148.4029,0.7551111,UN
598,300756039593125888,1237650796757844174,148.3768,0.4486389,E
599,300756314471032832,1237651801770229999,148.341,0.5298333000000001,UN
600,300756589348939776,1237650796757844130,148.3549,0.48697219999999997,S
601,300757139104753664,1237651801770295432,148.41,0.6153055000000001,UN
602,300757413982660608,1237650796757844249,148.41,0.42519440000000003,UN
603,300758238616381440,1237650796757909634,148.4437,0.4943611,UN
604,300760437639636992,1237648722827411667,148.1613,1.103194,UN
605,300761262273357824,1237651752385708321,148.0749,0.8894721999999999,UN
606,300762086907078656,1237650797294583987,148.1379,0.9841110999999999,UN
607,300762636662892544,1237651752385708176,148.0547,0.9245,S
608,300762911540799488,1237651752385708168,148.0355,0.9296110999999999,UN
609,300763736174520320,1237650797294583880,148.0356,0.9731389000000001,S
610,300764011052427264,1237648722290671857,148.5247,0.6505278,S
611,300764285930334208,1237651801770361023,148.5624,0.5645555999999999,UN
612,300764560808241152,1237651801770295502,148.4669,0.5613334,UN
613,300764835686148096,1237651801770361001,148.5425,0.6054444,S
614,300765110564055040,1237654670808711220,148.6106,0.47627780000000003,UN
615,300765935197775872,1237648722290737341,148.5589,0.6383055000000001,S
616,300766210075682816,1237650796757909697,148.5059,0.49758329999999995,UN
617,300766759831496704,1237651801770361119,148.6082,0.6064166,UN
618,300767309587310592,1237648721753800935,148.5352,0.3316389,UN
619,300767584465217536,1237651801233424555,148.4526,0.20497220000000002,UN
620,300767859343124480,1237648722290671841,148.51,0.7272778,UN
621,300768683976845312,1237648721753800919,148.5092,0.23925,UN
622,300768958854752256,1237648721753866336,148.5592,0.2554167,UN
623,300769233732659200,1237648721753866380,148.6193,0.2545833,S
624,300769508610566144,1237648722827477226,148.3484,1.086389,UN
625,300771157878007808,1237651752385839379,148.326,0.8894167,UN
626,300771432755914752,1237651752385904769,148.4175,0.9180833,UN
627,300771707633821696,1237650797294715116,148.3015,0.9718889000000001,UN
628,300771982511728640,1237651752385839394,148.3533,0.91225,UN
629,300772257389635584,1237648722290606311,148.2853,0.7705556,UN
630,300772807145449472,1237648722290606358,148.3486,0.7715833000000001,UN
631,300773082023356416,1237648722290737336,148.5517,0.8053055,UN
632,300773631779170304,1237651752385839369,148.2993,0.8574722,UN
633,300774456412891136,1237648722290671783,148.4405,0.78675,S
634,300774731290798080,1237651752385839180,148.3286,0.9446945,UN
635,300775006168705024,1237654670808842500,148.8559,0.4546389,UN
636,300775555924518912,1237651801770492096,148.8548,0.5413055,UN
637,300775830802425856,1237651801770426430,148.8171,0.5629721999999999,S
638,300776930314053632,1237648721753866294,148.662,0.22652779999999997,UN
639,300777205191960576,1237651801770426528,148.8105,0.6129444000000001,UN
640,300777480069867520,1237648722290868398,148.86,0.7486111,S
641,300777754947774464,1237648721753997510,148.8796,0.3548611,E
642,300778029825681408,1237648721753931984,148.7817,0.27736109999999997,S
643,300778579581495296,1237651801770492286,148.901,0.6062778,UN
644,300779129337309184,1237648721753932015,148.8111,0.28008330000000004,UN
645,300779953971030016,1237654670808776857,148.7325,0.4410278,E
646,300780228848936960,1237654670808776907,148.8053,0.48844440000000006,UN
647,300781053482657792,1237653663647662234,148.7575,0.9695,S
648,300781328360564736,1237653663647727721,148.7816,1.016583,E
649,300782152994285568,1237653663647662207,148.7045,1.00975,S
650,300782977628006400,1237648722290737224,148.6008,0.8237222,E
651,300783252505913344,1237648722290802828,148.7619,0.7575,S
652,300784077139634176,1237648722827608270,148.6665,1.097306,UN
653,300784352017541120,1237648722290671873,148.5405,0.7685,S
654,300785451529168896,1237648722290868466,148.9469,0.7731389,UN
655,300785726407075840,1237648722827608286,148.6924,1.075972,UN
656,300786001284982784,1237648721753997542,148.9247,0.2225556,UN
657,300786551040796672,1237648721753997595,148.9754,0.33294450000000003,S
658,300786825918703616,1237648721754062893,149.041,0.3258611,UN
659,300787100796610560,1237651801770492055,148.9485,0.5559444,UN
660,300787375674517504,1237654670808907915,149.0602,0.5094166,UN
661,300787925430331392,1237648722290868490,148.9617,0.6872778,S
662,300788200308238336,1237648722290933876,149.005,0.665,S
663,300788750064052224,1237651801770557613,149.0741,0.5746667,UN
664,300789024941959168,1237648721754062946,149.1152,0.30552779999999996,UN
665,300789299819866112,1237648721754063090,149.1097,0.3350278,UN
666,300789849575680000,1237648721754063030,149.0324,0.28813890000000003,UN
667,300790124453586944,1237651801770492184,148.9494,0.5308055,S
668,300790399331493888,1237648721754128491,149.1849,0.2421111,UN
669,300790674209400832,1237654670808907883,149.0091,0.4401945,S
670,300790949087307776,1237651801233752176,149.1945,0.20272220000000002,E
671,300791223965214720,1237648721753997600,148.9824,0.22986109999999998,S
672,301742027064764416,1237651800160469245,150.2292,-0.7278333,UN
673,301742301942671360,1237651800160469283,150.2724,-0.7246111,UN
674,301742851698485248,1237648720143843470,149.999,-0.8691667,E
675,301743126576392192,1237651800160469257,150.2478,-0.7384444,S
676,301743676332206080,1237648720680714471,150.0169,-0.5880556,UN
677,301743951210113024,1237648720143909041,150.185,-0.8990833,S
678,301744500965926912,1237648720680779923,150.0977,-0.44502780000000003,UN
679,301744775843833856,1237648720680779989,150.1908,-0.61475,E
680,301745050721740800,1237648720680845525,150.2685,-0.5423055,UN
681,301745325599647744,1237651800160534607,150.3463,-0.6346111,S
682,301745600477554688,1237648720680779853,150.1397,-0.5676389000000001,UN
683,301746425111275520,1237648720680910948,150.3727,-0.5456111,UN
684,301746974867089408,1237654669735756040,150.4487,-0.3854167,UN
685,301747249744996352,1237648720680910946,150.3726,-0.4416389,UN
686,301747799500810240,1237648721217781931,150.3777,-0.1301389,UN
687,301748349256624128,1237648721217781947,150.3823,-0.18608329999999998,UN
688,301748899012438016,1237651800697471092,150.5138,-0.2138333,UN
689,301749173890344960,1237648721217781969,150.4017,-0.1638611,UN
690,301749448768251904,1237651800697405602,150.3721,-0.21497220000000003,UN
691,301749723646158848,1237648721217782065,150.4235,-0.17361110000000002,UN
692,301750273401972736,1237648721217782054,150.4903,-0.11711110000000001,UN
693,301750548279879680,1237648721217782018,150.44799999999998,-0.16133329999999999,S
694,301750823157786624,1237651800697405595,150.3668,-0.3015,UN
695,301751647791507456,1237648721217781869,150.4706,-0.1251667,E
696,301752197547321344,1237651800697405703,150.4562,-0.3086389,E
697,301752747303135232,1237648720143777968,149.7943,-0.8594444,UN
698,301753571936856064,1237651800160338180,149.9173,-0.7434722,UN
699,301754121692669952,1237654669198688303,149.9156,-0.7848055,S
700,301755770960111616,1237654669198557426,149.69799999999998,-0.7551666,UN
701,301756595593832448,1237651800160272480,149.806,-0.6433889,E
702,301757145349646336,1237651800160338237,149.8964,-0.64725,UN
703,301757695105460224,1237648720680648893,149.876,-0.6293611,S
704,301757969983367168,1237648721217716478,150.2956,-0.06297223,UN
705,301758244861274112,1237648721217716483,150.297,-0.1334722,E
706,301758519739181056,1237651800697340133,150.2914,-0.2690555,S
707,301759619250808832,1237648721217716327,150.2858,-0.1934722,S
708,301759894128715776,1237648721217716302,150.2897,-0.0795,E
709,301760169006622720,1237654669735755916,150.3335,-0.3692778,S
710,301760718762436608,1237648721217716496,150.30100000000002,-0.006611110999999999,UN
711,301760993640343552,1237648721217716499,150.3031,-0.08888889,S
712,301761268518250496,1237654670272626852,150.359,0.08247222,S
713,301761543396157440,1237648721217716541,150.3288,-0.16777779999999998,UN
714,301761818274064384,1237648721217716475,150.2949,-0.10716669999999999,UN
715,301762368029878272,1237648721217716525,150.3191,-0.03066667,UN
716,301762642907785216,1237648721217781903,150.345,-0.15705560000000002,UN
717,301762917785692160,1237648721217716546,150.3354,-0.1828611,S
718,301763192663599104,1237651801234276482,150.3638,0.10311110000000001,E
719,301763467541506048,1237648720143712423,149.614,-0.8549445,S
720,301763742419412992,1237648720143712465,149.6464,-0.9159722,UN
721,301764017297319936,1237648720143712447,149.6383,-0.8551667,UN
722,301764292175226880,1237648720143646840,149.5702,-0.90525,UN
723,301765391686854656,1237654669198557304,149.5912,-0.8365,UN
724,301765941442668544,1237654669198557348,149.6468,-0.8369445,E
725,301766216320575488,1237648720143712324,149.6547,-0.9295,E
726,301766766076389376,1237648720680583341,149.6728,-0.44755550000000005,S
727,301767040954296320,1237651800160206848,149.68,-0.7488889,UN
728,301767315832203264,1237654669198557396,149.6755,-0.80625,E
729,301767590710110208,1237654669198557330,149.6164,-0.8345,S
730,301767865588017152,1237651800160206973,149.6107,-0.6715,UN
731,301768140465924096,1237654669198557382,149.6677,-0.7706389,UN
732,301768415343831040,1237651800160206978,149.6276,-0.6869721999999999,S
733,301769239977551872,1237648721217716415,150.2545,-0.1799444,S
734,301769514855458816,1237648721217716445,150.2802,-0.04408333,S
735,301770339489179648,1237651800697340062,150.2278,-0.3105833,UN
736,301770614367086592,1237651800697340067,150.2319,-0.2778056,UN
737,301770889244993536,1237651800697339950,150.2296,-0.2118333,UN
738,301771164122900480,1237648721217716376,150.2082,-0.1491667,S
739,301771439000807424,1237651800697340087,150.2671,-0.2258056,UN
740,301771713878714368,1237654670272561361,150.2561,0.02152778,UN
741,301771988756621312,1237654670272561322,150.2317,0.0865,UN
742,301772263634528256,1237654670272561365,150.2565,0.03827778,UN
743,301772538512435200,1237648721217716426,150.2556,-0.06383333,UN
744,301773088268249088,1237648721217716566,150.2139,-0.09294444,UN
745,301773363146156032,1237654670272561311,150.1913,0.02480556,UN
746,301773638024062976,1237648721217716396,150.2271,-0.03111111,UN
747,301773912901969920,1237648721217716259,150.2362,-0.1065,UN
748,301774187779876864,1237654670272561197,150.2286,0.04352778,UN
749,301775562169411584,1237654669198360714,149.2383,-0.7778611,S
750,301776111925225472,1237648720143581522,149.3312,-1.003306,UN
751,301777211436853248,1237654669198491810,149.4597,-0.7790278,UN
752,301778036070574080,1237651800160010485,149.2507,-0.6726944,UN
753,301778585826387968,1237648720680452215,149.3282,-0.47075,S
754,301779135582201856,1237651800160141388,149.4457,-0.6958333000000001,S
755,301779410460108800,1237651800160141504,149.5548,-0.6715278,UN
756,301780235093829632,1237651800697209048,149.989,-0.2503889,UN
757,301780784849643520,1237648721217585230,149.9945,-0.02294444,UN
758,301781334605457408,1237651800697209027,149.9597,-0.2275,UN
759,301781884361271296,1237648721217650960,150.1844,-0.03105555,UN
760,301782159239178240,1237654669735559508,149.9662,-0.34527779999999997,UN
761,301782434117085184,1237648721217650936,150.1472,-0.04977778,S
762,301782708994992128,1237651800697209059,150.0063,-0.23572220000000002,S
763,301783808506619904,1237654670272495891,150.0995,0.01433333,E
764,301784083384526848,1237654670272495882,150.0916,0.06011111,UN
765,301784633140340736,1237648721217651032,150.1719,-0.08116667,E
766,301784908018247680,1237654670272430260,149.9479,0.02755556,UN
767,301785457774061568,1237651800697143648,149.8815,-0.2565278,E
768,301785732651968512,1237648721217519812,149.8012,-0.1401667,UN
769,301786007529875456,1237654669735493825,149.8181,-0.38069440000000004,S
770,301786282407782400,1237651800697209009,149.9406,-0.2446944,UN
771,301786557285689344,1237651800697208832,149.90200000000002,-0.32175,S
772,301786832163596288,1237654670272364766,149.8078,0.06738889,UN
773,301787107041503232,1237648721217519859,149.845,-0.01638889,S
774,301787381919410176,1237651800697208965,149.8976,-0.30511109999999997,E
775,301787656797317120,1237651800697208960,149.8921,-0.2728055,UN
776,301787931675224064,1237651800697143537,149.8453,-0.3230833,E
777,301788206553131008,1237648721217519847,149.838,-0.09963889,E
778,301788481431037952,1237648721217519952,149.8233,-0.03597222,S
779,301789031186851840,1237651801234014496,149.8194,0.1010278,S
780,301789306064758784,1237648721217519819,149.8071,-0.12433330000000001,E
781,301789580942665728,1237654670272430496,149.9174,0.04422222,S
782,301789855820572672,1237648721217519837,149.8243,-0.11258330000000001,UN
783,301790130698479616,1237648721217519805,149.8004,-0.0705,S
784,301790405576386560,1237654669735493835,149.8308,-0.4029722,UN
785,301790680454293504,1237651800697143553,149.8591,-0.2539445,S
786,301790955332200448,1237648720680583296,149.6142,-0.41997219999999996,S
787,301791230210107392,1237648721217519763,149.7707,-0.2033056,UN
788,301791505088014336,1237648721217519783,149.775,-0.14658329999999997,E
789,301791779965921280,1237648721217519796,149.7941,-0.19997220000000002,S
790,301792054843828224,1237648720680648828,149.7741,-0.43855559999999993,UN
791,301792879477549056,1237651800697143296,149.7543,-0.3273056,UN
792,301793154355456000,1237651800697077972,149.6674,-0.2583611,S
793,301793429233362944,1237648721217519748,149.7457,-0.2060833,E
794,301793704111269888,1237654670272299194,149.6439,0.06888889,S
795,301793978989176832,1237654670272364735,149.7635,0.03705556,S
796,301794528744990720,1237654669735428326,149.6198,-0.344,UN
797,301795078500804608,1237654670272364745,149.7797,0.01063889,S
798,301795353378711552,1237654669735428285,149.5885,-0.3356111,E
799,301795628256618496,1237648721217454285,149.6537,-0.02855556,E
800,301795903134525440,1237654669735428300,149.6053,-0.33705559999999996,UN
801,301796452890339328,1237648720143450253,149.1045,-0.9076945,UN
802,301797002646153216,1237648720143515857,149.1878,-0.9880278,UN
803,301797277524060160,1237651800159944980,149.115,-0.6425833000000001,UN
804,301797552401967104,1237648720143515764,149.187,-0.9568055,S
805,301797827279874048,1237648720143450249,149.1025,-0.9370278000000001,S
806,301798102157780992,1237651800160010447,149.1945,-0.7379722,UN
807,301799201669408768,1237648720680386862,149.2227,-0.5589445,UN
808,301799751425222656,1237651800160010428,149.1641,-0.7011944999999999,E
809,301800026303129600,1237651800159944986,149.1357,-0.6946389000000001,S
810,301800576058943488,1237651800160010443,149.1879,-0.6821944999999999,S
811,301800850936850432,1237648720680386850,149.2054,-0.5648055999999999,UN
812,301801125814757376,1237648720680386864,149.2263,-0.53375,UN
813,301801400692664320,1237648720680386679,149.2204,-0.47519449999999996,UN
814,301801675570571264,1237648720680386809,149.1582,-0.48416670000000006,UN
815,301801950448478208,1237651800696946939,149.3776,-0.319,UN
816,301802225326385152,1237651800697012353,149.4479,-0.3028889,E
817,301802500204292096,1237651800696946942,149.3829,-0.2522222,UN
818,301802775082199040,1237651800696946923,149.3688,-0.3050833,UN
819,301803049960105984,1237651800697012233,149.4565,-0.21091669999999998,UN
820,301803324838012928,1237651801233883405,149.5762,0.1,S
821,301803599715919872,1237654670272233620,149.4169,0.00044444440000000003,S
822,301803874593826816,1237654670272168171,149.3733,0.03877778,S
823,301804149471733760,1237651800697012370,149.4628,-0.23991669999999998,UN
824,301804424349640704,1237651800697012368,149.4562,-0.26944440000000003,S
825,301804974105454592,1237654669735362781,149.424,-0.3548889,E
826,301805248983361536,1237648720680517751,149.45,-0.43305550000000004,S
827,301805523861268480,1237654669735362907,149.5562,-0.3866111,UN
828,301806073617082368,1237654669735362839,149.4776,-0.39719440000000006,S
829,301806348494989312,1237651800696946974,149.4227,-0.3107222,S
830,301806898250803200,1237651800697012441,149.5813,-0.3062778,UN
831,301807173128710144,1237654669735362837,149.4721,-0.36200000000000004,UN
832,301807722884524032,1237648720143384777,148.9659,-0.9928333,UN
833,301810746541500416,1237648720143450191,149.0315,-0.9556667,S
834,301811021419407360,1237654669198295180,149.0424,-0.7498889,UN
835,301811296297314304,1237648720143450190,149.0161,-0.9424167,UN
836,301811571175221248,1237648720143450228,149.0683,-0.9726389000000001,UN
837,301812120931035136,1237648720143384699,148.9797,-0.9370833000000001,UN
838,301812670686849024,1237648720143450317,149.08700000000002,-0.9038056000000001,S
839,301812945564755968,1237654670272037038,149.091,0.01116667,UN
840,301813220442662912,1237654670272168092,149.2642,0.019,UN
841,301813770198476800,1237654669735231668,149.1713,-0.3634167,UN
842,301814045076383744,1237654669735231731,149.2332,-0.3941111,UN
843,301814594832197632,1237648720680452107,149.3001,-0.42427780000000004,UN
844,301814869710104576,1237651800696946882,149.3111,-0.31052779999999996,S
845,301815144588011520,1237654669735297421,149.2958,-0.3699445,S
846,301815419465918464,1237651800696881308,149.2514,-0.28980559999999994,S
847,301815694343825408,1237654670272168112,149.2888,0.009138889,E
848,301815969221732352,1237648721217257674,149.2189,-0.08486111,UN
849,301816244099639296,1237648721217323196,149.2995,-0.1594445,S
850,301816518977546240,1237654669735231754,149.2533,-0.39030549999999997,UN
851,301817068733360128,1237654670272102594,149.2236,0.08433333,UN
852,301817343611267072,1237648721217257691,149.2348,-0.07405555,UN
853,301817893367080960,1237648721217257701,149.255,-0.16002779999999997,UN
854,301818168244987904,1237651800696881341,149.2707,-0.2640833,UN
855,301819267756615680,1237650795147165900,148.2413,-0.79525,UN
856,301820367268243456,1237648720143122520,148.2657,-0.96025,UN
857,301821466779871232,1237648720680190139,148.7834,-0.5657222,UN
858,301822016535685120,1237650795147296873,148.4657,-0.8251944,UN
859,301823940681033728,1237648721216667953,147.8268,-0.1668611,UN
860,301824490436847616,1237648721217192192,149.0594,-0.02066667,UN
861,301825040192661504,1237648721217192171,149.0462,-0.07763889,E
862,301825315070568448,1237648721217061096,148.842,-0.07236111,UN
863,301825589948475392,1237648721216798756,148.1725,-0.06469444,UN
864,301825864826382336,1237651800696291663,147.8981,-0.3181111,UN
865,301826139704289280,1237651801233686714,149.0612,0.10300000000000001,S
866,301826414582196224,1237648721216929816,148.4329,-0.09022222,UN
867,301826689460103168,1237651800696815807,149.0493,-0.3031389,S
868,301826964338010112,1237654669735035113,148.7068,-0.3446389,UN
869,301827788971730944,1237648721217126716,148.9691,-0.17908329999999997,UN
870,301828338727544832,1237650795684168020,148.5845,-0.33558330000000003,S
871,301828613605451776,1237651800696815746,149.007,-0.2410278,UN
872,301829987994986496,1237648722827673705,148.7562,1.069083,S
873,301832187018242048,1237651752386101351,148.8466,0.8788334000000001,UN
874,301832461896148992,1237648722827346154,147.9881,1.101,S
875,301833011651962880,1237650797294715135,148.3249,1.037917,UN
876,301834935797311488,1237648721753932012,148.8038,0.28480559999999994,E
877,301836035308939264,1237651801770230089,148.3597,0.6246389,S
878,301836310186846208,1237651801770295470,148.4363,0.5688889,UN
879,301836585064753152,1237648721753931939,148.7298,0.3786389,S
880,301837959454287872,1237648721753735482,148.3615,0.2936944,S
881,301838509210101760,1237651801770295423,148.4083,0.58875,UN
882,301838784088008704,1237648721753669809,148.1454,0.24994439999999998,UN
883,301839058965915648,1237651801770230057,148.386,0.6021666999999999,S
884,301839333843822592,1237648722290606344,148.317,0.6681389,UN
885,301839608721729536,1237650796757909657,148.4596,0.44005550000000004,S
886,301839883599636480,1237648722290802804,148.7378,0.6332222,UN
887,301840708233357312,1237651752923037850,149.0115,1.240361,UN
888,301842082622892032,1237653663647727796,148.9065,1.0012219999999998,UN
889,301842632378705920,1237651752386101411,148.9366,0.8608056000000001,UN
890,301843182134519808,1237651752386232431,149.1724,0.8492221999999999,UN
891,301844006768240640,1237651752386232437,149.1779,0.9302222,S
892,301844281646147584,1237651752923037815,149.101,1.231917,UN
893,301845381157775360,1237648722827739232,148.9448,1.1256389999999998,UN
894,301845656035682304,1237651752386167108,149.1141,0.9316667,UN
895,301846480669403136,1237651801770623128,149.1719,0.5988055,S
896,301847030425217024,1237648722290934016,149.1396,0.7508611,UN
897,301847305303123968,1237651801233752151,149.159,0.15316670000000002,S
898,301847855058937856,1237648722290933820,149.0792,0.6473889,UN
899,301848129936844800,1237651801770623100,149.1391,0.5969722,UN
900,301848404814751744,1237648722290933840,149.1216,0.7089167,S
901,301848954570565632,1237648721754128529,149.2142,0.2088056,E
902,301849504326379520,1237651801770492054,148.9515,0.5569166999999999,UN
903,301849779204286464,1237648721754062996,149.0058,0.35802779999999995,E
904,301850054082193408,1237648722290934014,149.1388,0.6435834,UN
905,301850328960100352,1237648721753932060,148.8257,0.3893056,UN
906,301851153593821184,1237648721753997587,148.9735,0.22236109999999998,UN
907,301851978227542016,1237648722291065049,149.3377,0.8149444,S
908,301852527983355904,1237648722827870265,149.2952,1.140167,UN
909,301853077739169792,1237653663647924369,149.3386,1.003667,UN
910,301853352617076736,1237648722827870311,149.1939,1.070194,UN
911,301853627494983680,1237648722290999349,149.2281,0.8378333,UN
912,301854177250797568,1237651752386232440,149.1842,0.9683889000000001,UN
913,301854452128704512,1237653663647924379,149.3565,1.0035,UN
914,301854727006611456,1237648722290999466,149.1946,0.8165833,UN
915,301855551640332288,1237651752386298112,149.3247,0.9651666999999999,UN
916,301855826518239232,1237653663647924434,149.363,0.9855,S
917,301856101396146176,1237651752386298007,149.3246,0.9826389000000001,E
918,301856651151960064,1237651752386232461,149.2129,0.9018056000000001,UN
919,301856926029867008,1237648722291065035,149.3299,0.6908055999999999,S
920,301857200907773952,1237648722290999434,149.1762,0.757,S
921,301857475785680896,1237648721754193956,149.3412,0.2988611,S
922,301857750663587840,1237651801770623204,149.2413,0.5733889,UN
923,301858025541494784,1237648721754128586,149.2502,0.27427779999999996,S
924,301858300419401728,1237648721754128598,149.2576,0.3565,S
925,301858575297308672,1237651801770623057,149.2318,0.5270278,UN
926,301859125053122560,1237648722290999549,149.29,0.66875,S
927,301859399931029504,1237651801233752248,149.2299,0.20688890000000001,UN
928,301859674808936448,1237651801233817828,149.344,0.1836111,UN
929,301859949686843392,1237648722290999583,149.2903,0.6519722,UN
930,301860224564750336,1237648722291064875,149.3386,0.7064166999999999,UN
931,301860499442657280,1237648722291065018,149.3047,0.7021944999999999,S
932,301860774320564224,1237651801233817794,149.3068,0.1986944,S
933,301861049198471168,1237651801233817797,149.3097,0.135,S
934,301861324076378112,1237651801770623195,149.2402,0.5509722,UN
935,301861598954285056,1237651801233752282,149.2596,0.17997220000000003,UN
936,301862148710098944,1237651801233752266,149.2481,0.15802779999999997,UN
937,301862698465912832,1237651752386429055,149.5958,0.9527223,UN
938,301862973343819776,1237648722291196011,149.6103,0.8206667,UN
939,301863523099633664,1237653663648055418,149.5493,1.029806,UN
940,301863797977540608,1237651752386363661,149.5339,0.9146110999999999,UN
941,301864072855447552,1237651752386298080,149.4172,0.9598055,S
942,301864347733354496,1237648722828066950,149.6251,1.181972,S
943,301864897489168384,1237651752386298094,149.438,0.8615,E
944,301865172367075328,1237648722291130599,149.4609,0.7953611,S
945,301866271878703104,1237648722291130417,149.503,0.8125555999999999,UN
946,301866821634516992,1237648722828001424,149.5059,1.0891110000000002,UN
947,301867371390330880,1237651752386298087,149.4272,0.9112778,E
948,301868196024051712,1237651801770688747,149.3623,0.5331111,S
949,301868470901958656,1237651801770754237,149.4888,0.55525,S
950,301868745779865600,1237651801770754260,149.5381,0.6008334,UN
951,301869020657772544,1237648722291130535,149.4987,0.7490000000000001,UN
952,301869845291493376,1237651801770754182,149.4459,0.5718889,UN
953,301870120169400320,1237651801770688761,149.3702,0.5881666999999999,UN
954,301870669925214208,1237648722291065136,149.4303,0.6899166999999999,S
955,301870944803121152,1237651801233883164,149.4843,0.20638890000000001,S
956,301871219681028096,1237648721754194216,149.4127,0.33255559999999995,S
957,301871494558935040,1237648721754194152,149.3482,0.3147222,UN
958,301871769436841984,1237651801233883218,149.5201,0.17422220000000002,UN
959,301872044314748928,1237648721754259577,149.5506,0.23725,S
960,301872319192655872,1237648721754259703,149.5081,0.29611109999999996,UN
961,301872868948469760,1237648721754194200,149.3947,0.23866669999999998,S
962,301873143826376704,1237651801770754287,149.5555,0.561,UN
963,301873418704283648,1237651801770819744,149.6208,0.5747778,UN
964,301873693582190592,1237648721754390626,149.8669,0.28741669999999997,UN
965,301873968460097536,1237651801770819617,149.6474,0.5699444,S
966,301874518215911424,1237648721754390963,149.8717,0.3595555,UN
967,301874793093818368,1237651801770819724,149.6026,0.5341945,UN
968,301875342849632256,1237648721754390731,149.841,0.34122220000000003,UN
969,301875617727539200,1237648722291196052,149.6474,0.7427778,S
970,301875892605446144,1237648722291196073,149.6667,0.7359167,UN
971,301876167483353088,1237651801233948916,149.7077,0.1614444,S
972,301876442361260032,1237648722291196127,149.7233,0.6875278,UN
973,301876717239166976,1237648721754390708,149.8094,0.3023055,UN
974,301877266994980864,1237648721754325237,149.6135,0.38247220000000004,E
975,301877541872887808,1237648721754390765,149.869,0.3931667,S
976,301877816750794752,1237651801233883399,149.5599,0.1403333,UN
977,301878091628701696,1237648721754325260,149.6352,0.3491667,UN
978,301878366506608640,1237651801233948845,149.6037,0.16105550000000002,S
979,301878916262422528,1237651801770950893,150.0037,0.53225,UN
980,301879191140329472,1237654670809301181,149.916,0.44730559999999997,UN
981,301879740896143360,1237651801770950770,149.9147,0.5866666,UN
982,301880015774050304,1237651801770950802,149.9155,0.5410278000000001,S
983,301880290651957248,1237651801770950883,149.9855,0.6221111,UN
984,301881115285678080,1237654670809366647,150.017,0.4958611,UN
985,301881665041491968,1237651801770950747,149.8869,0.5859166,UN
986,301881939919398912,1237648721754456209,149.8983,0.3454722,E
987,301882214797305856,1237654670809301229,149.9804,0.4678889,UN
988,301882489675212800,1237654670809301212,149.9575,0.43691670000000005,UN
989,301882764553119744,1237651801770950656,149.9093,0.5131389000000001,S
990,301883039431026688,1237654670809301111,149.994,0.4803889,UN
991,301883314308933632,1237654670809301140,149.8946,0.47941670000000003,UN
992,301883864064747520,1237648721754456238,149.9199,0.3573889,UN
993,301884138942654464,1237648721754456229,149.915,0.3328055,S
994,301884413820561408,1237651752386429147,149.7182,0.8705278000000001,S
995,301885238454282240,1237653663648121030,149.7223,1.020972,S
996,301885788210096128,1237653663648120852,149.6899,1.00375,UN
997,301887437477537792,1237648722291196120,149.7077,0.8367222,S
998,301887712355444736,1237648722828132509,149.7653,1.146417,UN
999,301887987233351680,1237648722291196137,149.72899999999998,0.8128055000000001,UN
